MyIndex,State,District,Latitude,Longitude
0,andaman-&-nicobar-islands,north and middle andaman district,11.55482845,92.23849
1,andaman-&-nicobar-islands,south andaman district,10.7056905,92.4874679
2,andaman-&-nicobar-islands,nicobars district,10.7056905,92.4874679
3,andhra-pradesh,east godavari district,17.233496,81.7225986
4,andhra-pradesh,srikakulam district,17.233496,81.7225986
5,andhra-pradesh,spsr nellore district,14.71875825,79.65961023
6,andhra-pradesh,vizianagaram district,18.110744,83.386585
7,andhra-pradesh,visakhapatnam district,18.110744,83.386585
8,andhra-pradesh,prakasam district,15.2282086,79.8744994
9,andhra-pradesh,anantapur district,15.2282086,79.8744994
10,andhra-pradesh,ysr district,17.0771387,81.6653938
11,andhra-pradesh,west godavari district,16.9550574,81.4530037
12,andhra-pradesh,kurnool district,15.8344103,78.0499956
13,andhra-pradesh,chittoor district,13.0108668,79.2249071
14,andhra-pradesh,guntur district,13.0108668,79.2249071
15,andhra-pradesh,krishna district,17.0347692,81.7819183
16,arunachal-pradesh,lower dibang valley district,17.0347692,81.7819183
17,arunachal-pradesh,lower subansiri district,27.8,93.6
18,arunachal-pradesh,longding district,27.8,93.6
19,arunachal-pradesh,west siang district,28.4,94.55
20,arunachal-pradesh,kamle district,28.4,94.55
21,arunachal-pradesh,upper siang district,28.6416983,95.0252232
22,arunachal-pradesh,tirap district,27.5013437,96.5242944
23,arunachal-pradesh,papum pare district,27.5013437,96.5242944
24,arunachal-pradesh,kurung kumey district,27.98636765,93.15783469
25,arunachal-pradesh,siang district,28.477492,94.81655729
26,arunachal-pradesh,lower siang district,28.477492,94.81655729
27,arunachal-pradesh,kra daadi district,27.9366293,92.6658618
28,arunachal-pradesh,changlang district,27.272007,96.06552596
29,arunachal-pradesh,pakke kessang district,27.1061731,92.9311395
30,arunachal-pradesh,dibang valley district,28.8291044,95.95540958
31,arunachal-pradesh,west kameng district,27.33862695,92.43336624
32,arunachal-pradesh,east siang district,28.3,95.15
33,arunachal-pradesh,upper subansiri district,28.3,94
34,arunachal-pradesh,east kameng district,27.55778095,92.96738427
35,arunachal-pradesh,lohit district,28.0060625,96.2431946
36,arunachal-pradesh,lepa rada district,28.0060625,96.2431946
37,arunachal-pradesh,tawang district,27.6741942,91.93620588
38,arunachal-pradesh,namsai district,27.6741942,91.93620588
39,arunachal-pradesh,anjaw district,28.1114301,96.82699963
40,arunachal-pradesh,shi yomi district,28.1114301,96.82699963
41,assam,tinsukia district,27.5971709,95.56685292
42,assam,lakhimpur district,27.2382645,94.1053145
43,assam,kamrup district,26.2074223,91.6771799
44,assam,kokrajhar district,26.2074223,91.6771799
45,assam,karbi anglong district,26,93.5
46,assam,sivasagar district,26,93.5
47,assam,dibrugarh district,27.4881672,95.3623358
48,assam,south salmara mancachar district,27.4881672,95.3623358
49,assam,nagaon district,27.4881672,95.3623358
50,assam,dhubri district,25.54325127,87.56949075
51,assam,golaghat district,26.5305611,93.9603353
52,assam,udalguri district,26.70472375,92.04215071
53,assam,majuli district,26.70472375,92.04215071
54,assam,sonitpur district,26.70472375,92.04215071
55,assam,hojai district,26.70472375,92.04215071
56,assam,marigaon district,26.70472375,92.04215071
57,assam,chirang district,26.70472375,92.04215071
58,assam,cachar district,25.083333,92.916667
59,assam,nalbari district,25.083333,92.916667
60,assam,west karbi anglong district,25.083333,92.916667
61,assam,dhemaji district,27.5945155,94.71920979
62,assam,karimganj district,24.86648155,92.35121508
63,assam,bongaigaon district,24.86648155,92.35121508
64,assam,dima hasao district,25.40036255,93.07522923
65,assam,baksa district,25.40036255,93.07522923
66,assam,charaideo district,25.40036255,93.07522923
67,assam,darrang district,26.75,92.5
68,assam,kamrup metropolitan district,26.75,92.5
69,assam,hailakandi district,24.6827307,92.5622753
70,assam,barpeta district,24.6827307,92.5622753
71,assam,goalpara district,24.6827307,92.5622753
72,assam,biswanath district,24.6827307,92.5622753
73,assam,jorhat district,26.7586112,94.20640848
74,bihar,madhepura district,26.7586112,94.20640848
75,bihar,purnia district,25.774436,87.41003213
76,bihar,nalanda district,25.4374355,85.2919909
77,bihar,buxar district,25.4374355,85.2919909
78,bihar,darbhanga district,25.4374355,85.2919909
79,bihar,nawada district,24.7270817,84.5693914
80,bihar,jamui district,24.7270817,84.5693914
81,bihar,sheikhpura district,24.7270817,84.5693914
82,bihar,siwan district,26.166667,84.5
83,bihar,muzaffarpur district,26.1667052,85.4166314
84,bihar,patna district,25.46737665,85.19581528
85,bihar,jehanabad district,25.46737665,85.19581528
86,bihar,rohtas district,24.93928775,84.01945449
87,bihar,begusarai district,25.5,86.25
88,bihar,supaul district,25.5,86.25
89,bihar,sitamarhi district,26.666667,85.5
90,bihar,saran district,25.6085763,85.1993479
91,bihar,arwal district,25.2320301,84.6775384
92,bihar,vaishali district,25.696274,85.2228359
93,bihar,pashchim champaran district,27,84.5
94,bihar,gopalganj district,26.5,84.333333
95,bihar,lakhisarai district,25.2830169,86.0190997
96,bihar,aurangabad district,24.80340125,84.41113582
97,bihar,kaimur bhabua district,24.75750955,83.72099681
98,bihar,araria district,26.3415664,87.9374027
99,bihar,munger district,25.3795105,86.46264676
100,bihar,katihar district,25.54325127,87.56777309
101,bihar,khagaria district,25.50877,86.4756484
102,bihar,saharsa district,25.8875611,86.5901104
103,bihar,bhagalpur district,25,86.916667
104,bihar,madhubani district,25,86.916667
105,bihar,kishanganj district,26.29863795,87.95314811
106,bihar,gaya district,25.6058077,85.088915
107,bihar,samastipur district,25.75,85.916667
108,bihar,banka district,24.8926007,86.9140729
109,bihar,purbi champaran district,24.8926007,86.9140729
110,bihar,sheohar district,24.8926007,86.9140729
111,bihar,bhojpur district,25.25,84.25
112,chandigarh,chandigarh district,25.25,84.25
113,chhattisgarh,dhamtari district,20.7077641,81.5396928
114,chhattisgarh,korba district,22.5198217,82.63500285
115,chhattisgarh,surajpur district,23.209675,82.880353
116,chhattisgarh,baloda bazar district,21.6632098,82.1493121
117,chhattisgarh,sukma district,18.3853241,81.65120264
118,chhattisgarh,raigarh district,22.23617945,83.35295335
119,chhattisgarh,janjgir champa district,22.23617945,83.35295335
120,chhattisgarh,jashpur district,22.8825209,84.1362145
121,chhattisgarh,balod district,22.8825209,84.1362145
122,chhattisgarh,kabirdham district,22.8825209,84.1362145
123,chhattisgarh,surguja district,22.94691345,83.16569423
124,chhattisgarh,dantewada district,18.9090479,81.3427523
125,chhattisgarh,gariyaband district,18.9090479,81.3427523
126,chhattisgarh,durg district,21.1874054,81.2793137
127,chhattisgarh,rajnandgaon district,21.166667,81
128,chhattisgarh,raipur district,21.2317387,81.6401796
129,chhattisgarh,narayanpur district,19.723781,81.2336786
130,chhattisgarh,kanker district,20.2647118,81.4951987
131,chhattisgarh,korea district,20.2647118,81.4951987
132,chhattisgarh,mungeli district,20.2647118,81.4951987
133,chhattisgarh,bilaspur district,22.4082821,82.3921724
134,chhattisgarh,balrampur district,23.616665,83.618798
135,chhattisgarh,bijapur district,18.7935679,80.815939
136,chhattisgarh,bemetara district,21.7020322,81.5337224
137,chhattisgarh,bastar district,19.25,81.25
138,chhattisgarh,kondagaon district,19.25,81.25
139,chhattisgarh,mahasamund district,21.113837,82.092952
140,dadra-&-nagar-haveli-&-daman-&-diu,diu district,20.7159534,70.9785005
141,dadra-&-nagar-haveli-&-daman-&-diu,daman district,20.416667,72.883333
142,dadra-&-nagar-haveli-&-daman-&-diu,dadra and nagar haveli district,20.32272883,72.96509449
143,delhi,south district,28.53748399,77.19792896
144,delhi,central district,28.71578753,77.11489364
145,delhi,new delhi district,28.61621824,77.20963694
146,delhi,west district,28.64817722,77.0908451
147,delhi,south west district,28.60195304,77.0355308
148,delhi,south east delhi district,28.53562293,77.26959445
149,delhi,shahdara district,28.67761172,77.29035406
150,delhi,north east district,28.70729655,77.26613159
151,delhi,east district,28.54206226,77.29572316
152,delhi,north west district,28.70227067,77.10572607
153,delhi,north district,28.72837891,77.16723154
154,goa,north goa district,15.5368655,73.86949664
155,goa,south goa district,15.29079185,73.95490783
156,gujarat,anand district,22.4742502,72.73675821
157,gujarat,jamnagar district,22.31008,70.10300203
158,gujarat,devbhumi dwarka district,22.2444759,68.96800188
159,gujarat,rajkot district,22.8159425,70.8316013
160,gujarat,aravallis district,22.8159425,70.8316013
161,gujarat,chhotaudepur district,22.8159425,70.8316013
162,gujarat,botad district,22.0456765,71.67217573
163,gujarat,bharuch district,21.82728385,72.89461379
164,gujarat,bhavnagar district,21.56228915,71.90747308
165,gujarat,junagadh district,21.340255,70.42022268
166,gujarat,mahesana district,23.57070915,72.44523649
167,gujarat,the dangs district,20.75,73.75
168,gujarat,kheda district,22.8548705,72.99330606
169,gujarat,surat district,21.4626896,72.9515165
170,gujarat,porbandar district,21.6021982,69.85433746
171,gujarat,gandhinagar district,23.2813262,72.65577884
172,gujarat,panch mahals district,23,74
173,gujarat,narmada district,21.73830395,73.62736016
174,gujarat,gir somnath district,20.9911049,70.68806405
175,gujarat,valsad district,20.3828686,72.9038814
176,gujarat,mahisagar district,23.1916967,73.6626353
177,gujarat,sabar kantha district,23.8689411,73.01447412
178,gujarat,tapi district,21.1909141,73.55541086
179,gujarat,vadodara district,22.3182519,73.30458876
180,gujarat,banas kantha district,24.26960875,72.16210995
181,gujarat,amreli district,21.4191439,71.25276407
182,gujarat,ahmadabad district,23.0216238,72.5797068
183,gujarat,dohad district,23.0216238,72.5797068
184,gujarat,navsari district,20.952407,72.9323831
185,gujarat,patan district,20.96661175,70.42921753
186,gujarat,kachchh district,23.2396061,69.6734288
187,gujarat,surendranagar district,22.823085,71.55342629
188,gujarat,morbi district,22.79314,70.88832711
189,haryana,yamunanagar district,22.79314,70.88832711
190,haryana,sonipat district,22.79314,70.88832711
191,haryana,jind district,29.5,76.25
192,haryana,rohtak district,28.8995429,76.5844714
193,haryana,faridabad district,28.3526818,77.2778173
194,haryana,mahendragarh district,28.3526818,77.2778173
195,haryana,hisar district,29.1699202,75.7185553
196,haryana,karnal district,29.6943382,77.004248
197,haryana,fatehabad district,29.6943382,77.004248
198,haryana,palwal district,29.6943382,77.004248
199,haryana,charkhi dadri district,28.6508033,76.2406402
200,haryana,ambala district,28.9841361,75.6039914
201,haryana,rewari district,28.2169291,76.58118449
202,haryana,panchkula district,30.7108567,76.845983
203,haryana,bhiwani district,28.7312325,75.89234987
204,haryana,sirsa district,28.7312325,75.89234987
205,haryana,mewat district,28.7312325,75.89234987
206,haryana,panipat district,28.7312325,75.89234987
207,haryana,gurugram district,28.4492944,77.03065871
208,haryana,kaithal district,28.4492944,77.03065871
209,haryana,kurukshetra district,30,76.75
210,haryana,jhajjar district,30,76.75
211,himachal-pradesh,bilaspur district,32.0292,76.1514
212,himachal-pradesh,solan district,30,76.75
213,himachal-pradesh,sirmaur district,30.75,77.5
214,himachal-pradesh,shimla district,30.75,77.5
215,himachal-pradesh,hamirpur district,31.7491333,76.5036832
216,himachal-pradesh,una district,31.4674349,76.2650802
217,himachal-pradesh,kangra district,32.2133569,76.3211252
218,himachal-pradesh,kullu district,32.2133569,76.3211252
219,himachal-pradesh,mandi district,32.5338976,76.0157454
220,himachal-pradesh,lahul and spiti district,32.5338976,76.0157454
221,himachal-pradesh,chamba district,32.69301,76.16363499
222,himachal-pradesh,kinnaur district,31.5864184,78.396745
223,jammu-&-kashmir,muzaffarabad district,30.0417376,79.089691
224,jammu-&-kashmir,doda district,33.13260995,75.58900789
225,jammu-&-kashmir,samba district,32.57591175,75.12034456
226,jammu-&-kashmir,mirpur district,33.2033829,73.78971926
227,jammu-&-kashmir,srinagar district,34.1163836,74.93070225
228,jammu-&-kashmir,baramulla district,34.17636405,74.31644116
229,jammu-&-kashmir,jammu district,32.7681864,74.92113175
230,jammu-&-kashmir,ganderbal district,34.28885605,75.02959807
231,jammu-&-kashmir,udhampur district,32.911964,75.32658449
232,jammu-&-kashmir,bandipore district,34.4563234,74.68249998
233,jammu-&-kashmir,reasi district,33.20599085,74.86267936
234,jammu-&-kashmir,shopian district,33.72078365,74.7714244
235,jammu-&-kashmir,poonch district,33.702939,74.24990152
236,jammu-&-kashmir,kathua district,32.5825837,75.61047967
237,jammu-&-kashmir,kishtwar district,33.61562,75.87939724
238,jammu-&-kashmir,pulwama district,33.9490472,75.04183347
239,jammu-&-kashmir,ramban district,33.33328915,75.19847627
240,jammu-&-kashmir,rajouri district,33.26636775,74.34384696
241,jammu-&-kashmir,kulgam district,33.6250902,74.69488803
242,jammu-&-kashmir,budgam district,33.9099319,74.62914426
243,jammu-&-kashmir,anantnag district,33.8096849,75.2494527
244,jammu-&-kashmir,kupwara district,34.5140696,74.19136703
245,jharkhand,ramgarh district,34.5140696,74.19136703
246,jharkhand,ranchi district,23,85
247,jharkhand,east singhbhum district,23,85
248,jharkhand,jamtara district,23,85
249,jharkhand,dumka district,24.26618475,87.25313852
250,jharkhand,koderma district,24.26618475,87.25313852
251,jharkhand,hazaribagh district,24.26618475,87.25313852
252,jharkhand,simdega district,24.26618475,87.25313852
253,jharkhand,garhwa district,24.26618475,87.25313852
254,jharkhand,saraikela kharsawan district,24.26618475,87.25313852
255,jharkhand,gumla district,23.1603759,84.45995652
256,jharkhand,chatra district,24.9303981,87.82697148
257,jharkhand,khunti district,24.9303981,87.82697148
258,jharkhand,dhanbad district,25.18749095,87.744328
259,jharkhand,godda district,25.11124865,87.58268863
260,jharkhand,deoghar district,25.11124865,87.58268863
261,jharkhand,palamu district,23.916667,84.083333
262,jharkhand,latehar district,23.916667,84.083333
263,jharkhand,west singhbhum district,23.916667,84.083333
264,jharkhand,pakur district,23.916667,84.083333
265,jharkhand,lohardaga district,23.43141321,84.67725357
266,jharkhand,sahebganj district,25.0320437,87.69143108
267,jharkhand,giridih district,24.25,85.916667
268,jharkhand,bokaro district,24.25,85.916667
269,karnataka,mysuru district,12.1988434,76.61353212
270,karnataka,chitradurga district,14.3051049,76.52948762
271,karnataka,kalaburagi district,17.24191785,76.77538281
272,karnataka,ramanagara district,12.72465905,77.32018506
273,karnataka,mandya district,12.6336348,76.73023183
274,karnataka,kodagu district,12.2335192,76.2818865
275,karnataka,chikkamagaluru district,13.4005751,75.63273824
276,karnataka,haveri district,14.714635,75.38456743
277,karnataka,ballari district,15.34594225,76.82043304
278,karnataka,belagavi district,15.8572666,74.5069343
279,karnataka,kolar district,13.1794187,78.26805838
280,karnataka,uttara kannada district,14.883333,74.583333
281,karnataka,tumakuru district,13.3400771,77.1006208
282,karnataka,yadgir district,16.7670964,77.1403984
283,karnataka,bengaluru urban district,12.8632604,77.4338693
284,karnataka,chikkaballapura district,13.5883185,77.78043012
285,karnataka,davanagere district,14.25041265,75.82562831
286,karnataka,bagalkote district,16.28998085,75.58255865
287,karnataka,vijayapura district,16.81105965,75.89714733
288,karnataka,koppal district,15.57825725,76.31063912
289,karnataka,bidar district,18.02315245,77.24971867
290,karnataka,bengaluru rural district,18.02315245,77.24971867
291,karnataka,raichur district,16.0547194,76.90160088
292,karnataka,chamarajanagara district,11.9238058,76.9393558
293,karnataka,dakshina kannada district,12.82133045,75.22767163
294,karnataka,hassan district,13.029374,76.17429358
295,karnataka,dharwad district,15.37259455,75.13728311
296,karnataka,shivamogga district,13.9326093,75.574978
297,karnataka,udupi district,13.52617505,74.87325316
298,karnataka,gadag district,15.416337,75.68075428
299,kerala,thiruvananthapuram district,10.6207081,76.1281782
300,kerala,kasaragod district,12.42219635,75.19044458
301,kerala,malappuram district,10.61381845,76.51663324
302,kerala,pathanamthitta district,9.3675015,76.6586492
303,kerala,wayanad district,11.2554224,75.78162653
304,kerala,alappuzha district,9.777163,76.2803139
305,kerala,kozhikode district,11.46559355,75.89194
306,kerala,kollam district,8.8855684,76.5892353
307,kerala,thrissur district,10.4786547,76.27261253
308,kerala,palakkad district,10.78789845,76.47408711
309,kerala,kannur district,11.9863343,75.54797043
310,kerala,kottayam district,9.5003001,76.8353071
311,kerala,ernakulam district,10.0383947,76.50741452
312,kerala,idukki district,9.7253254,77.2103161
313,ladakh,kargil district,33.802819,76.47300957
314,ladakh,leh ladakh district,34.1642029,77.5848133
315,lakshadweep,lakshadweep district,10.8132489,73.68046209
316,madhya-pradesh,morena district,26.4961372,77.9986659
317,madhya-pradesh,alirajpur district,22.3118775,74.3555894
318,madhya-pradesh,sehore district,23.1981078,77.0812948
319,madhya-pradesh,rajgarh district,25.3338446,77.5083732
320,madhya-pradesh,khargone district,21.8318939,75.6286115
321,madhya-pradesh,satna district,24.5684403,80.8321439
322,madhya-pradesh,narsinghpur district,22.9492648,79.1856846
323,madhya-pradesh,jabalpur district,23.22420115,79.98248902
324,madhya-pradesh,hoshangabad district,22.7575717,77.7188006
325,madhya-pradesh,vidisha district,23.5200947,77.8085902
326,madhya-pradesh,balaghat district,21.8611181,80.32141873
327,madhya-pradesh,singrauli district,21.8611181,80.32141873
328,madhya-pradesh,betul district,21.9034464,77.8983504
329,madhya-pradesh,sidhi district,22.7018563,75.86663525
330,madhya-pradesh,datia district,25.6406595,78.4559832
331,madhya-pradesh,dewas district,22.9622115,76.048227
332,madhya-pradesh,sheopur district,25.6760912,76.7120469
333,madhya-pradesh,neemuch district,25.6760912,76.7120469
334,madhya-pradesh,raisen district,23.3331473,77.7801239
335,madhya-pradesh,mandsaur district,24.0697229,75.0727169
336,madhya-pradesh,barwani district,22.7246439,75.8887036
337,madhya-pradesh,katni district,23.8323636,80.3920242
338,madhya-pradesh,dindori district,22.9460091,81.0751743
339,madhya-pradesh,shivpuri district,25.37524125,77.82811933
340,madhya-pradesh,gwalior district,26.2,78.2
341,madhya-pradesh,anuppur district,26.2,78.2
342,madhya-pradesh,agar malwa district,26.2,78.2
343,madhya-pradesh,ashoknagar district,24.57719,77.73266519
344,madhya-pradesh,sagar district,21.5479393,79.5481447
345,madhya-pradesh,niwari district,25.5575031,78.1466102
346,madhya-pradesh,rewa district,23.1689247,80.03308114
347,madhya-pradesh,shajapur district,23.4207601,76.27436
348,madhya-pradesh,ujjain district,22.8633236,75.8543994
349,madhya-pradesh,bhind district,26.5658766,78.7826782
350,madhya-pradesh,tikamgarh district,24.7712387,78.835802
351,madhya-pradesh,seoni district,21.6843487,80.2715206
352,madhya-pradesh,harda district,22.3406138,77.0934034
353,madhya-pradesh,burhanpur district,22.3406138,77.0934034
354,madhya-pradesh,damoh district,21.8979776,80.7917082
355,madhya-pradesh,bhopal district,23.2301418,77.4179774
356,madhya-pradesh,jhabua district,22.6579114,75.8850109
357,madhya-pradesh,dhar district,22.7109387,75.8334557
358,madhya-pradesh,guna district,24.646649,77.3079412
359,madhya-pradesh,east nimar district,21.75,76.583333
360,madhya-pradesh,chhindwara district,22.0509324,78.939744
361,madhya-pradesh,umaria district,23.5255015,80.8343366
362,madhya-pradesh,mandla district,22.5962197,80.3702688
363,madhya-pradesh,indore district,22.71113445,75.80768748
364,madhya-pradesh,shahdol district,23.3104023,81.3702978
365,madhya-pradesh,ratlam district,22.71673845,75.88149166
366,madhya-pradesh,panna district,24.7172329,80.1873717
367,madhya-pradesh,chhatarpur district,24.9072406,79.5844054
368,maharashtra,aurangabad district,19.87990627,75.33891909
369,maharashtra,jalgaon district,24.9072406,79.5844054
370,maharashtra,latur district,18.3931679,76.56402547
371,maharashtra,thane district,19.19682175,72.97869885
372,maharashtra,bhandara district,21.1596616,79.6527375
373,maharashtra,nandurbar district,21.3386847,74.2344823
374,maharashtra,chandrapur district,19.9648425,79.2914735
375,maharashtra,kolhapur district,16.5756833,74.3125599
376,maharashtra,solapur district,17.66787665,75.90672724
377,maharashtra,mumbai district,19.0517979,72.8292773
378,maharashtra,sindhudurg district,16.11617835,73.69000425
379,maharashtra,dhule district,20.9257339,74.7771388
380,maharashtra,wardha district,20.73775615,78.60316843
381,maharashtra,parbhani district,19.2713708,76.7644813
382,maharashtra,mumbai suburban district,19.2713708,76.7644813
383,maharashtra,hingoli district,19.7222317,77.1544772
384,maharashtra,ratnagiri district,16.9883802,73.29931182
385,maharashtra,nanded district,19.15915835,77.30326994
386,maharashtra,osmanabad district,18.18788,76.035779
387,maharashtra,nagpur district,21.1170373,79.1045331
388,maharashtra,buldhana district,21.1170373,79.1045331
389,maharashtra,nashik district,19.9969676,73.7782466
390,maharashtra,akola district,20.7141213,77.0065838
391,maharashtra,yavatmal district,20.3908238,78.1324077
392,maharashtra,amravati district,20.9376684,77.7781055
393,maharashtra,washim district,20.1224632,77.1311174
394,maharashtra,sangli district,16.8425456,74.60920166
395,maharashtra,gadchiroli district,20.1700227,79.97914161
396,maharashtra,raigad district,20.1700227,79.97914161
397,maharashtra,palghar district,20.1700227,79.97914161
398,maharashtra,jalna district,19.83228,75.874466
399,maharashtra,gondia district,19.83228,75.874466
400,maharashtra,ahmednagar district,19.108436,74.735394
401,maharashtra,pune district,18.527863,73.85568328
402,maharashtra,beed district,18.9869163,75.7533207
403,maharashtra,satara district,17.6913198,74.0094374
404,manipur,kangpokpi district,17.6913198,74.0094374
405,manipur,noney district,17.6913198,74.0094374
406,manipur,imphal east district,17.6913198,74.0094374
407,manipur,thoubal district,24.84529,94.1449785
408,manipur,kakching district,24.84529,94.1449785
409,manipur,jiribam district,24.84529,94.1449785
410,manipur,ukhrul district,25.3110738,94.47537752
411,manipur,tamenglong district,24.9855683,93.5025164
412,manipur,kamjong district,25,94.5
413,manipur,chandel district,25,94.5
414,manipur,bishnupur district,24.6319847,93.7619193
415,manipur,senapati district,25.333333,94.166667
416,manipur,pherzawl district,24.26344363,93.19096471
417,manipur,churachandpur district,24.3429852,93.6928709
418,manipur,tengnoupal district,24.3429852,93.6928709
419,manipur,imphal west district,24.3429852,93.6928709
420,meghalaya,north garo hills district,24.3429852,93.6928709
421,meghalaya,south west khasi hills district,24.3429852,93.6928709
422,meghalaya,west garo hills district,24.3429852,93.6928709
423,meghalaya,south garo hills district,24.3429852,93.6928709
424,meghalaya,east jaintia hills district,24.3429852,93.6928709
425,meghalaya,south west garo hills district,24.3429852,93.6928709
426,meghalaya,east khasi hills district,24.3429852,93.6928709
427,meghalaya,east garo hills district,24.3429852,93.6928709
428,meghalaya,ribhoi district,24.3429852,93.6928709
429,meghalaya,west jaintia hills district,24.3429852,93.6928709
430,meghalaya,west khasi hills district,24.3429852,93.6928709
431,mizoram,serchhip district,23.3078982,92.8556728
432,mizoram,aizawl district,23.3078982,92.8556728
433,mizoram,lunglei district,23.3078982,92.8556728
434,mizoram,mamit district,23.909285,92.4947387
435,mizoram,lawngtlai district,22.7401468,93.0509285
436,mizoram,kolasib district,24.2314023,92.6766193
437,mizoram,champhai district,23.481,93.309599
438,mizoram,saiha district,23.481,93.309599
439,nagaland,mon district,26.7238973,95.0287876
440,nagaland,phek district,25.70995365,94.46436151
441,nagaland,longleng district,26.4929778,94.8042633
442,nagaland,mokokchung district,26.4929778,94.8042633
443,nagaland,kiphire district,25.8826359,94.781588
444,nagaland,kohima district,25.6949988,94.12330065
445,nagaland,tuensang district,26.25,94.75
446,nagaland,peren district,25.5354667,93.7352403
447,nagaland,dimapur district,25.904959,93.731523
448,nagaland,zunheboto district,26.0030617,94.5236166
449,nagaland,wokha district,26.0793431,94.25912545
450,odisha,rayagada district,19.1643623,83.4077243
451,odisha,koraput district,18.8848483,82.5596997
452,odisha,malkangiri district,18.33798,81.8759462
453,odisha,sambalpur district,21.4,83.883333
454,odisha,kalahandi district,19.75,83
455,odisha,anugul district,19.75,83
456,odisha,ganjam district,19.5,84.5
457,odisha,jajapur district,19.5,84.5
458,odisha,bargarh district,21.40164,83.5826487
459,odisha,dhenkanal district,20.6590059,85.5813728
460,odisha,bhadrak district,21.0654838,86.5025885
461,odisha,nuapada district,20.7990808,82.5346304
462,odisha,kendujhar district,20.7990808,82.5346304
463,odisha,mayurbhanj district,21.75,86.5
464,odisha,jharsuguda district,21.8895058,84.0485068
465,odisha,kandhamal district,21.8895058,84.0485068
466,odisha,deogarh district,21.53937805,84.73646091
467,odisha,sundargarh district,22.25,84.5
468,odisha,jagatsinghapur district,22.25,84.5
469,odisha,balangir district,20.7502257,83.2499464
470,odisha,baleshwar district,21.5,86.75
471,odisha,puri district,19.8142712,85.8299503
472,odisha,sonepur district,20.8431294,83.90634541
473,odisha,khordha district,20.8431294,83.90634541
474,odisha,boudh district,20.8431294,83.90634541
475,odisha,gajapati district,18.7716498,84.0968126
476,odisha,nayagarh district,20.1280409,85.1066485
477,odisha,nabarangpur district,19.2288319,82.5668344
478,odisha,kendrapara district,20.5021306,86.4259806
479,odisha,cuttack district,20.5021306,86.4259806
480,puducherry,karaikal district,10.91564885,79.8069488
481,puducherry,puducherry district,11.92201155,79.79513652
482,puducherry,yanam district,16.7332235,82.20181178
483,puducherry,mahe district,11.70086195,75.53600909
484,punjab,shahid bhagat singh nagar district,11.70086195,75.53600909
485,punjab,fazilka district,30.3360996,74.11794319
486,punjab,barnala district,30.3360996,74.11794319
487,punjab,mansa district,30.3360996,74.11794319
488,punjab,ludhiana district,30.479765,74.5354916
489,punjab,sri muktsar sahib district,30.2831401,74.5229972
490,punjab,patiala district,30.1407973,74.2001558
491,punjab,pathankot district,32.3017104,75.65864247
492,punjab,fatehgarh sahib district,32.3017104,75.65864247
493,punjab,rupnagar district,30.2102325,73.9925288
494,punjab,tarn taran district,31.32124525,74.84130629
495,punjab,sas nagar district,31.32124525,74.84130629
496,punjab,sangrur district,31.32124525,74.84130629
497,punjab,jalandhar district,31.32124525,74.84130629
498,punjab,bathinda district,30.20378255,74.95031922
499,punjab,kapurthala district,31.25,75.25
500,punjab,firozepur district,31.25,75.25
501,punjab,gurdaspur district,31.9042299,75.22738141
502,punjab,amritsar district,31.3410997,74.6891758
503,punjab,faridkot district,31.3410997,74.6891758
504,punjab,hoshiarpur district,31.3410997,74.6891758
505,punjab,moga district,32.033379,75.3949932
506,rajasthan,pali district,25.6051226,73.41650555
507,rajasthan,ganganagar district,29.5,74
508,rajasthan,churu district,28.20477805,74.69129961
509,rajasthan,jaipur district,27.1506772,75.74701642
510,rajasthan,baran district,24.92077465,76.68218371
511,rajasthan,bhilwara district,25.4889628,74.7164014
512,rajasthan,banswara district,23.4929453,74.3498016
513,rajasthan,dungarpur district,23.6723053,73.81664193
514,rajasthan,tonk district,26.12231975,75.66322349
515,rajasthan,jodhpur district,26.73668055,72.87475507
516,rajasthan,karauli district,26.51583285,77.05659652
517,rajasthan,udaipur district,24.453502,73.65234712
518,rajasthan,dausa district,26.80486585,76.4437457
519,rajasthan,nagaur district,27.05890605,74.17608322
520,rajasthan,bharatpur district,27.2662364,77.36917931
521,rajasthan,barmer district,25.58325505,71.61925561
522,rajasthan,ajmer district,26.33188715,74.71697525
523,rajasthan,chittorgarh district,24.7167691,74.47217477
524,rajasthan,hanumangarh district,29.3659533,74.29842897
525,rajasthan,pratapgarh district,24.02181175,74.62410749
526,rajasthan,sawai madhopur district,26.22901855,76.30435615
527,rajasthan,jalore district,25.343876,72.624222
528,rajasthan,bikaner district,28.11616165,73.110567
529,rajasthan,sikar district,27.66241555,75.0279971
530,rajasthan,dholpur district,27.66241555,75.0279971
531,rajasthan,sirohi district,24.8114047,72.83002573
532,rajasthan,rajsamand district,25.2892459,73.82410775
533,rajasthan,jaisalmer district,27.0264162,70.77751198
534,rajasthan,bundi district,25.4367659,75.73614709
535,rajasthan,jhalawar district,24.31255575,76.52279955
536,rajasthan,alwar district,27.63857345,76.61404272
537,rajasthan,kota district,25.19668295,76.00096873
538,rajasthan,jhunjhunu district,25.19668295,76.00096873
539,sikkim,east district,27.3290053,88.60986984
540,sikkim,north district,27.5048937,88.53981499
541,sikkim,south district,27.17091268,88.3668023
542,sikkim,west district,27.315686,88.23718339
543,tamil-nadu,tiruchirappalli district,10.85046075,78.72453299
544,tamil-nadu,ramanathapuram district,9.5205576,78.51846345
545,tamil-nadu,krishnagiri district,12.5150555,78.00762134
546,tamil-nadu,cuddalore district,11.52020705,79.33963565
547,tamil-nadu,kancheepuram district,12.87960515,79.70427615
548,tamil-nadu,tiruppur district,10.79152665,77.53254663
549,tamil-nadu,dharmapuri district,12.14561305,78.11322172
550,tamil-nadu,thoothukkudi district,8.84570345,77.99381784
551,tamil-nadu,thanjavur district,10.65903695,79.20142776
552,tamil-nadu,madurai district,9.9369266,78.00782301
553,tamil-nadu,tiruvannamalai district,12.22713775,79.07012882
554,tamil-nadu,salem district,11.64696155,78.21069575
555,tamil-nadu,nagapattinam district,10.60262025,79.7619348
556,tamil-nadu,tirupathur district,12.4533064,78.55290857
557,tamil-nadu,ariyalur district,11.1530559,79.25857974
558,tamil-nadu,chennai district,13.05843605,80.23610503
559,tamil-nadu,the nilgiris district,11.4454657,76.69864649
560,tamil-nadu,erode district,11.49052815,77.3505274
561,tamil-nadu,karur district,10.8217671,78.38286541
562,tamil-nadu,kallakkurichi district,11.690524,78.98242157
563,tamil-nadu,viluppuram district,12.11669665,79.59892355
564,tamil-nadu,pudukkottai district,10.2903072,78.81736166
565,tamil-nadu,perambalur district,11.2902641,78.9300404
566,tamil-nadu,coimbatore district,10.81357895,77.07977769
567,tamil-nadu,virudhunagar district,9.4926289,77.86316901
568,tamil-nadu,dindigul district,10.42568965,77.815664
569,tamil-nadu,sivaganga district,9.851231,78.53047155
570,tamil-nadu,tenkasi district,9.09407535,77.4758369
571,tamil-nadu,chengalpattu district,12.636245,80.06535193
572,tamil-nadu,kanniyakumari district,11.0600516,77.0679581
573,tamil-nadu,tirunelveli district,8.5495014,77.58051776
574,tamil-nadu,thiruvallur district,13.2533992,80.05462675
575,tamil-nadu,theni district,9.86924895,77.42258419
576,tamil-nadu,ranipet district,12.91862425,79.40819213
577,tamil-nadu,namakkal district,11.30338895,78.11860402
578,tamil-nadu,vellore district,12.9009299,79.06148442
579,tamil-nadu,thiruvarur district,10.6878621,79.49794371
580,telangana,narayanpet district,10.6878621,79.49794371
581,telangana,nalgonda district,17.0557615,79.2779955
582,telangana,jangaon district,17.0557615,79.2779955
583,telangana,bhadradri kothagudem district,17.0557615,79.2779955
584,telangana,warangal rural district,17.0557615,79.2779955
585,telangana,kumuram bheem asifabad district,17.0557615,79.2779955
586,telangana,nizamabad district,18.6687404,78.0989938
587,telangana,adilabad district,19.1040149,78.340105
588,telangana,rajanna sircilla district,19.1040149,78.340105
589,telangana,nagarkurnool district,19.1040149,78.340105
590,telangana,peddapalle district,19.1040149,78.340105
591,telangana,nirmal district,19.1040149,78.340105
592,telangana,mahabubabad district,19.1040149,78.340105
593,telangana,sangareddy district,19.1040149,78.340105
594,telangana,wanaparthy district,16.3637095,78.0647251
595,telangana,vikarabad district,16.3637095,78.0647251
596,telangana,jagtial district,16.3637095,78.0647251
597,telangana,yadadri bhuvanagiri district,16.3637095,78.0647251
598,telangana,medak district,16.3637095,78.0647251
599,telangana,mahbubnagar district,16.5,78.25
600,telangana,jaya shankar bhalupally district,16.5,78.25
601,telangana,warangal urban district,16.5,78.25
602,telangana,rangareddy district,16.5,78.25
603,telangana,hyderabad district,16.5,78.25
604,telangana,suryapet district,16.5,78.25
605,telangana,jogulamba gadwal district,16.5,78.25
606,telangana,kamareddy district,16.5,78.25
607,telangana,mulugu district,16.5,78.25
608,telangana,medchal malkajgiri district,16.5,78.25
609,telangana,karimnagar district,18.4424788,79.13072656
610,telangana,mancherial district,18.4424788,79.13072656
611,telangana,siddipet district,18.03098145,78.87839646
612,telangana,khammam district,17.250782,80.1524
613,tripura,unakoti district,24.304628,92.033346
614,tripura,khowai district,24.0715915,91.6025823
615,tripura,sepahijala district,24.0715915,91.6025823
616,tripura,north tripura district,23.9922833,91.856786
617,tripura,dhalai district,23.9551603,91.8252174
618,tripura,south tripura district,23.5,91.666667
619,tripura,gomati district,23.4848604,91.4983684
620,tripura,west tripura district,23.916667,91.5
621,uttar-pradesh,balrampur district,26.08492322,83.19774354
622,uttar-pradesh,hamirpur district,25.95226498,80.15060544
623,uttar-pradesh,pratapgarh district,25.92196004,82.00243353
624,uttar-pradesh,amethi district,26.1561764,81.80450839
625,uttar-pradesh,siddharthnagar district,26.1561764,81.80450839
626,uttar-pradesh,auraiya district,26.1561764,81.80450839
627,uttar-pradesh,sambhal district,26.1561764,81.80450839
628,uttar-pradesh,kanpur nagar district,26.1561764,81.80450839
629,uttar-pradesh,aligarh district,27.87698975,78.13729028
630,uttar-pradesh,mahoba district,25.292924,79.8848158
631,uttar-pradesh,lucknow district,28.8067822,79.0140742
632,uttar-pradesh,sant kabeer nagar district,28.8067822,79.0140742
633,uttar-pradesh,hathras district,27.5996322,78.0497369
634,uttar-pradesh,budaun district,28.027692,79.1254409
635,uttar-pradesh,moradabad district,29.0786044,79.0507168
636,uttar-pradesh,kushinagar district,26.8632735,83.9553228
637,uttar-pradesh,baghpat district,28.9464293,77.2170076
638,uttar-pradesh,shahjahanpur district,27.8552433,79.8944047
639,uttar-pradesh,muzaffarnagar district,27.8552433,79.8944047
640,uttar-pradesh,ambedkar nagar district,28.6400895,77.42868
641,uttar-pradesh,bahraich district,27.5727012,81.6061717
642,uttar-pradesh,jalaun district,26,79.5
643,uttar-pradesh,rampur district,28.79406825,79.18593045
644,uttar-pradesh,ballia district,25.7506229,84.1472
645,uttar-pradesh,shravasti district,25.7506229,84.1472
646,uttar-pradesh,kasganj district,27.969777,78.5981655
647,uttar-pradesh,varanasi district,25.1297376,82.6059987
648,uttar-pradesh,gautam buddha nagar district,28.5770068,77.3394731
649,uttar-pradesh,basti district,28.630261,77.4133068
650,uttar-pradesh,shamli district,28.630261,77.4133068
651,uttar-pradesh,maharajganj district,27.1436733,83.5395965
652,uttar-pradesh,etawah district,26.7879984,79.0061831
653,uttar-pradesh,etah district,27.5562222,78.658988
654,uttar-pradesh,banda district,25.4892744,80.33507543
655,uttar-pradesh,bijnor district,29.3843229,78.13645
656,uttar-pradesh,hardoi district,28.0047122,78.476874
657,uttar-pradesh,amroha district,28.0047122,78.476874
658,uttar-pradesh,pilibhit district,28.49520765,80.1075408
659,uttar-pradesh,mainpuri district,27.2307398,79.0406375
660,uttar-pradesh,kanpur dehat district,27.2307398,79.0406375
661,uttar-pradesh,jaunpur district,25.7592013,82.6968142
662,uttar-pradesh,kaushambi district,28.64364045,77.32463495
663,uttar-pradesh,hapur district,28.7299677,77.775499
664,uttar-pradesh,meerut district,28.6859637,77.43533644
665,uttar-pradesh,mathura district,27.5591791,77.68175452
666,uttar-pradesh,chitrakoot district,25.19631215,80.91390945
667,uttar-pradesh,lalitpur district,24.6967125,78.411697
668,uttar-pradesh,mau district,25.2133779,83.0334827
669,uttar-pradesh,mirzapur district,24.9325993,82.64710861
670,uttar-pradesh,bulandshahr district,24.9325993,82.64710861
671,uttar-pradesh,gonda district,27.8306549,77.8773701
672,uttar-pradesh,jhansi district,28.6839951,77.4530398
673,uttar-pradesh,chandauli district,28.6839951,77.4530398
674,uttar-pradesh,bhadohi district,28.6839951,77.4530398
675,uttar-pradesh,saharanpur district,29.95566895,77.55964886
676,uttar-pradesh,bara banki district,26.9013312,81.2151601
677,uttar-pradesh,bareilly district,28.457876,79.40557094
678,uttar-pradesh,sitapur district,28.3548882,79.4185378
679,uttar-pradesh,sultanpur district,26.2627557,82.069966
680,uttar-pradesh,agra district,27.1705419,78.0107255
681,uttar-pradesh,fatehpur district,27.1705419,78.0107255
682,uttar-pradesh,rae bareli district,26.25,81.25
683,uttar-pradesh,firozabad district,28.3800183,79.4181912
684,uttar-pradesh,kheri district,28.4299696,80.3176448
685,uttar-pradesh,gorakhpur district,26.7494212,83.3665766
686,uttar-pradesh,unnao district,26.5,80.5
687,uttar-pradesh,prayagraj district,25.5,81.5
688,uttar-pradesh,sonbhadra district,25.5,81.5
689,uttar-pradesh,ghazipur district,28.6643991,77.3208548
690,uttar-pradesh,farrukhabad district,27.3817304,79.602854
691,uttar-pradesh,kannauj district,27.3817304,79.602854
692,uttar-pradesh,azamgarh district,26.0637645,83.1833871
693,uttar-pradesh,ayodhya district,26.0637645,83.1833871
694,uttar-pradesh,deoria district,28.3778393,79.9337825
695,uttar-pradesh,ghaziabad district,28.711241,77.4445372
696,uttarakhand,bageshwar district,28.711241,77.4445372
697,uttarakhand,udham singh nagar district,28.711241,77.4445372
698,uttarakhand,haridwar district,30.1921734,79.1874877
699,uttarakhand,champawat district,29.3321606,80.0928787
700,uttarakhand,nainital district,29.2185482,79.52951525
701,uttarakhand,dehradun district,29.2185482,79.52951525
702,uttarakhand,chamoli district,30.4996323,79.61879246
703,uttarakhand,almora district,30.6309236,78.1603603
704,uttarakhand,uttarkashi district,30.9654214,78.63368731
705,uttarakhand,pithoragarh district,30.12666775,80.48338014
706,uttarakhand,rudraprayag district,30.2864682,78.9814996
707,uttarakhand,pauri garhwal district,30.1507888,78.7737617
708,uttarakhand,tehri garhwal district,30.5,78.666667
709,west-bengal,south twenty four parganas district,30.5,78.666667
710,west-bengal,purba bardhaman district,30.5,78.666667
711,west-bengal,uttar dinajpur district,25.6098202,88.1327333
712,west-bengal,kalimpong district,27.02787695,88.64606086
713,west-bengal,murshidabad district,24.08632855,88.26684964
714,west-bengal,paschim medinipur district,21.8360051,87.4317229
715,west-bengal,dakshin dinajpur district,21.8360051,87.4317229
716,west-bengal,jalpaiguri district,26.62648365,88.73407701
717,west-bengal,purulia district,23.3409582,86.359433
718,west-bengal,north twenty four parganas district,23.3409582,86.359433
719,west-bengal,bankura district,23.0662415,87.3251923
720,west-bengal,jhargram district,22.447609,86.998449
721,west-bengal,howrah district,22.5801698,88.3362713
722,west-bengal,hooghly district,22.8924411,88.3994271
723,west-bengal,kolkata district,26.5257678,88.7198637
724,west-bengal,koch bihar district,26.25,89.5
725,west-bengal,alipurduar district,26.4811994,89.5279728
726,west-bengal,paschim bardhaman district,26.4811994,89.5279728
727,west-bengal,nadia district,23.4056806,88.4913312
728,west-bengal,birbhum district,24,87.583333
729,west-bengal,purba medinipur district,22.2788123,87.92250436
730,west-bengal,maldah district,25,88
731,west-bengal,darjiling district,26.75,88.25
